-- MySQL dump 10.13  Distrib 8.0.22, for Win64 (x86_64)
--
-- Host: localhost    Database: trycycle_qa
-- ------------------------------------------------------
-- Server version	8.0.22
CREATE DATABASE trycycle_qa;
/*!40101 SET @OLD_CHARACTER_SET_CLIENT=@@CHARACTER_SET_CLIENT */;
/*!40101 SET @OLD_CHARACTER_SET_RESULTS=@@CHARACTER_SET_RESULTS */;
/*!40101 SET @OLD_COLLATION_CONNECTION=@@COLLATION_CONNECTION */;
/*!50503 SET NAMES utf8 */;
/*!40103 SET @OLD_TIME_ZONE=@@TIME_ZONE */;
/*!40103 SET TIME_ZONE='+00:00' */;
/*!40014 SET @OLD_UNIQUE_CHECKS=@@UNIQUE_CHECKS, UNIQUE_CHECKS=0 */;
/*!40014 SET @OLD_FOREIGN_KEY_CHECKS=@@FOREIGN_KEY_CHECKS, FOREIGN_KEY_CHECKS=0 */;
/*!40101 SET @OLD_SQL_MODE=@@SQL_MODE, SQL_MODE='NO_AUTO_VALUE_ON_ZERO' */;
/*!40111 SET @OLD_SQL_NOTES=@@SQL_NOTES, SQL_NOTES=0 */;

--
-- Table structure for table `bike`
--

DROP TABLE IF EXISTS `bike`;
/*!40101 SET @saved_cs_client     = @@character_set_client */;
/*!50503 SET character_set_client = utf8mb4 */;
CREATE TABLE `bike` (
  `BIKE_ID` int NOT NULL AUTO_INCREMENT,
  `BIKE_PASSCODE` varchar(45) NOT NULL,
  `BIKESTATION_ID` int NOT NULL,
  `BIKE_HEALTH_STATUS` int NOT NULL,
  `BIKE_STATUS` int NOT NULL,
  `BIKE_RENTAL_PRICE` float DEFAULT NULL,
  PRIMARY KEY (`BIKE_ID`),
  KEY `BIKESTATIONS_ID_idx` (`BIKESTATION_ID`),
  CONSTRAINT `BIKESTATION_ID` FOREIGN KEY (`BIKESTATION_ID`) REFERENCES `bikestation` (`BIKESTATION_ID`)
) ENGINE=InnoDB AUTO_INCREMENT=18 DEFAULT CHARSET=utf8;
/*!40101 SET character_set_client = @saved_cs_client */;

--
-- Dumping data for table `bike`
--

LOCK TABLES `bike` WRITE;
/*!40000 ALTER TABLE `bike` DISABLE KEYS */;
INSERT INTO `bike` VALUES (1,'abc',1,1,1,5),(2,'abc',2,1,0,5),(3,'abc',3,1,0,5),(4,'abc',3,1,0,5),(5,'abc',3,1,0,5),(6,'abc',3,1,0,5),(7,'passcode',1,1,0,5),(8,'abc',3,1,0,5),(16,'abc',1,1,0,5),(17,'abc',1,1,0,5);
/*!40000 ALTER TABLE `bike` ENABLE KEYS */;
UNLOCK TABLES;
/*!40103 SET TIME_ZONE=@OLD_TIME_ZONE */;

/*!40101 SET SQL_MODE=@OLD_SQL_MODE */;
/*!40014 SET FOREIGN_KEY_CHECKS=@OLD_FOREIGN_KEY_CHECKS */;
/*!40014 SET UNIQUE_CHECKS=@OLD_UNIQUE_CHECKS */;
/*!40101 SET CHARACTER_SET_CLIENT=@OLD_CHARACTER_SET_CLIENT */;
/*!40101 SET CHARACTER_SET_RESULTS=@OLD_CHARACTER_SET_RESULTS */;
/*!40101 SET COLLATION_CONNECTION=@OLD_COLLATION_CONNECTION */;
/*!40111 SET SQL_NOTES=@OLD_SQL_NOTES */;

-- Dump completed on 2021-11-03 10:37:57
-- MySQL dump 10.13  Distrib 8.0.22, for Win64 (x86_64)
--
-- Host: localhost    Database: trycycle_qa
-- ------------------------------------------------------
-- Server version	8.0.22

/*!40101 SET @OLD_CHARACTER_SET_CLIENT=@@CHARACTER_SET_CLIENT */;
/*!40101 SET @OLD_CHARACTER_SET_RESULTS=@@CHARACTER_SET_RESULTS */;
/*!40101 SET @OLD_COLLATION_CONNECTION=@@COLLATION_CONNECTION */;
/*!50503 SET NAMES utf8 */;
/*!40103 SET @OLD_TIME_ZONE=@@TIME_ZONE */;
/*!40103 SET TIME_ZONE='+00:00' */;
/*!40014 SET @OLD_UNIQUE_CHECKS=@@UNIQUE_CHECKS, UNIQUE_CHECKS=0 */;
/*!40014 SET @OLD_FOREIGN_KEY_CHECKS=@@FOREIGN_KEY_CHECKS, FOREIGN_KEY_CHECKS=0 */;
/*!40101 SET @OLD_SQL_MODE=@@SQL_MODE, SQL_MODE='NO_AUTO_VALUE_ON_ZERO' */;
/*!40111 SET @OLD_SQL_NOTES=@@SQL_NOTES, SQL_NOTES=0 */;

--
-- Table structure for table `bikepart`
--

DROP TABLE IF EXISTS `bikepart`;
/*!40101 SET @saved_cs_client     = @@character_set_client */;
/*!50503 SET character_set_client = utf8mb4 */;
CREATE TABLE `bikepart` (
  `BIKEPART_ID` int NOT NULL AUTO_INCREMENT,
  `BIKEPART_NAME` varchar(45) NOT NULL,
  PRIMARY KEY (`BIKEPART_ID`)
) ENGINE=InnoDB AUTO_INCREMENT=6 DEFAULT CHARSET=utf8;
/*!40101 SET character_set_client = @saved_cs_client */;

--
-- Dumping data for table `bikepart`
--

LOCK TABLES `bikepart` WRITE;
/*!40000 ALTER TABLE `bikepart` DISABLE KEYS */;
INSERT INTO `bikepart` VALUES (1,'brakes'),(2,'headlight'),(3,'tires'),(4,'seat'),(5,'handle');
/*!40000 ALTER TABLE `bikepart` ENABLE KEYS */;
UNLOCK TABLES;
/*!40103 SET TIME_ZONE=@OLD_TIME_ZONE */;

/*!40101 SET SQL_MODE=@OLD_SQL_MODE */;
/*!40014 SET FOREIGN_KEY_CHECKS=@OLD_FOREIGN_KEY_CHECKS */;
/*!40014 SET UNIQUE_CHECKS=@OLD_UNIQUE_CHECKS */;
/*!40101 SET CHARACTER_SET_CLIENT=@OLD_CHARACTER_SET_CLIENT */;
/*!40101 SET CHARACTER_SET_RESULTS=@OLD_CHARACTER_SET_RESULTS */;
/*!40101 SET COLLATION_CONNECTION=@OLD_COLLATION_CONNECTION */;
/*!40111 SET SQL_NOTES=@OLD_SQL_NOTES */;

-- Dump completed on 2021-11-03 10:37:57

-- MySQL dump 10.13  Distrib 8.0.22, for Win64 (x86_64)
--
-- Host: localhost    Database: trycycle_qa
-- ------------------------------------------------------
-- Server version	8.0.22

/*!40101 SET @OLD_CHARACTER_SET_CLIENT=@@CHARACTER_SET_CLIENT */;
/*!40101 SET @OLD_CHARACTER_SET_RESULTS=@@CHARACTER_SET_RESULTS */;
/*!40101 SET @OLD_COLLATION_CONNECTION=@@COLLATION_CONNECTION */;
/*!50503 SET NAMES utf8 */;
/*!40103 SET @OLD_TIME_ZONE=@@TIME_ZONE */;
/*!40103 SET TIME_ZONE='+00:00' */;
/*!40014 SET @OLD_UNIQUE_CHECKS=@@UNIQUE_CHECKS, UNIQUE_CHECKS=0 */;
/*!40014 SET @OLD_FOREIGN_KEY_CHECKS=@@FOREIGN_KEY_CHECKS, FOREIGN_KEY_CHECKS=0 */;
/*!40101 SET @OLD_SQL_MODE=@@SQL_MODE, SQL_MODE='NO_AUTO_VALUE_ON_ZERO' */;
/*!40111 SET @OLD_SQL_NOTES=@@SQL_NOTES, SQL_NOTES=0 */;

--
-- Table structure for table `bikestation`
--

DROP TABLE IF EXISTS `bikestation`;
/*!40101 SET @saved_cs_client     = @@character_set_client */;
/*!50503 SET character_set_client = utf8mb4 */;
CREATE TABLE `bikestation` (
  `BIKESTATION_ID` int NOT NULL AUTO_INCREMENT,
  `BS_POSTCODE` varchar(10) NOT NULL,
  `BS_NBR_OF_BIKES` int NOT NULL,
  `BS_AVAILABLE` int NOT NULL,
  `BS_COVERAGE` varchar(100) NOT NULL,
  PRIMARY KEY (`BIKESTATION_ID`),
  KEY `BS_POSTCODE_idx` (`BS_POSTCODE`),
  CONSTRAINT `BS_POSTCODE` FOREIGN KEY (`BS_POSTCODE`) REFERENCES `location` (`LOCATION_POSTCODE`)
) ENGINE=InnoDB AUTO_INCREMENT=4 DEFAULT CHARSET=utf8;
/*!40101 SET character_set_client = @saved_cs_client */;

--
-- Dumping data for table `bikestation`
--

LOCK TABLES `bikestation` WRITE;
/*!40000 ALTER TABLE `bikestation` DISABLE KEYS */;
INSERT INTO `bikestation` VALUES (1,'G11 6BZ',5,5,'gla'),(2,'G11 6QL',5,5,'gla'),(3,'G12 5CC',5,5,'gla');
/*!40000 ALTER TABLE `bikestation` ENABLE KEYS */;
UNLOCK TABLES;
/*!40103 SET TIME_ZONE=@OLD_TIME_ZONE */;

/*!40101 SET SQL_MODE=@OLD_SQL_MODE */;
/*!40014 SET FOREIGN_KEY_CHECKS=@OLD_FOREIGN_KEY_CHECKS */;
/*!40014 SET UNIQUE_CHECKS=@OLD_UNIQUE_CHECKS */;
/*!40101 SET CHARACTER_SET_CLIENT=@OLD_CHARACTER_SET_CLIENT */;
/*!40101 SET CHARACTER_SET_RESULTS=@OLD_CHARACTER_SET_RESULTS */;
/*!40101 SET COLLATION_CONNECTION=@OLD_COLLATION_CONNECTION */;
/*!40111 SET SQL_NOTES=@OLD_SQL_NOTES */;

-- Dump completed on 2021-11-03 10:37:58

-- MySQL dump 10.13  Distrib 8.0.22, for Win64 (x86_64)
--
-- Host: localhost    Database: trycycle_qa
-- ------------------------------------------------------
-- Server version	8.0.22

/*!40101 SET @OLD_CHARACTER_SET_CLIENT=@@CHARACTER_SET_CLIENT */;
/*!40101 SET @OLD_CHARACTER_SET_RESULTS=@@CHARACTER_SET_RESULTS */;
/*!40101 SET @OLD_COLLATION_CONNECTION=@@COLLATION_CONNECTION */;
/*!50503 SET NAMES utf8 */;
/*!40103 SET @OLD_TIME_ZONE=@@TIME_ZONE */;
/*!40103 SET TIME_ZONE='+00:00' */;
/*!40014 SET @OLD_UNIQUE_CHECKS=@@UNIQUE_CHECKS, UNIQUE_CHECKS=0 */;
/*!40014 SET @OLD_FOREIGN_KEY_CHECKS=@@FOREIGN_KEY_CHECKS, FOREIGN_KEY_CHECKS=0 */;
/*!40101 SET @OLD_SQL_MODE=@@SQL_MODE, SQL_MODE='NO_AUTO_VALUE_ON_ZERO' */;
/*!40111 SET @OLD_SQL_NOTES=@@SQL_NOTES, SQL_NOTES=0 */;

--
-- Table structure for table `user`
--

DROP TABLE IF EXISTS `user`;
/*!40101 SET @saved_cs_client     = @@character_set_client */;
/*!50503 SET character_set_client = utf8mb4 */;
CREATE TABLE `user` (
  `USER_ID` int NOT NULL AUTO_INCREMENT,
  `USER_PHONE` varchar(11) NOT NULL,
  `POSTCODE` varchar(10) NOT NULL,
  `USER_MAIL_ID` varchar(30) NOT NULL,
  `USER_PASSWORD` varchar(16) NOT NULL,
  `USER_BALANCE` float NOT NULL,
  `USER_CATEGORY` int NOT NULL,
  `USER_SEC_Q` int NOT NULL,
  `USER_SEC_ANSWER` varchar(25) NOT NULL,
  `USER_SUBSCRIPTION` int DEFAULT NULL,
  PRIMARY KEY (`USER_ID`)
) ENGINE=InnoDB AUTO_INCREMENT=7 DEFAULT CHARSET=utf8;
/*!40101 SET character_set_client = @saved_cs_client */;

--
-- Dumping data for table `user`
--

LOCK TABLES `user` WRITE;
/*!40000 ALTER TABLE `user` DISABLE KEYS */;
INSERT INTO `user` VALUES (1,'7529141278','G11 6QZ','Operator1','1999311',5,1,0,'BBB',0),(2,'765432123','Q41 432','youcpmyjg','2380941214',5,2,1,'XIAO YI',0),(3,'123456789','Q44 432','yuebao','1999311',39.82,2,1,'yueyue',1),(4,'7529197448','Q41 432','wuhu','1999311',4.5,2,1,'yuebao',1),(5,'012345678','000 000','Manager','manager',5,0,1,'Np',1),(6,'7529197448','G11 6QL','abc','123456',5,2,2,'XIAOYI',0);
/*!40000 ALTER TABLE `user` ENABLE KEYS */;
UNLOCK TABLES;
/*!40103 SET TIME_ZONE=@OLD_TIME_ZONE */;

/*!40101 SET SQL_MODE=@OLD_SQL_MODE */;
/*!40014 SET FOREIGN_KEY_CHECKS=@OLD_FOREIGN_KEY_CHECKS */;
/*!40014 SET UNIQUE_CHECKS=@OLD_UNIQUE_CHECKS */;
/*!40101 SET CHARACTER_SET_CLIENT=@OLD_CHARACTER_SET_CLIENT */;
/*!40101 SET CHARACTER_SET_RESULTS=@OLD_CHARACTER_SET_RESULTS */;
/*!40101 SET COLLATION_CONNECTION=@OLD_COLLATION_CONNECTION */;
/*!40111 SET SQL_NOTES=@OLD_SQL_NOTES */;

-- Dump completed on 2021-11-03 10:37:57

-- MySQL dump 10.13  Distrib 8.0.22, for Win64 (x86_64)
--
-- Host: localhost    Database: trycycle_qa
-- ------------------------------------------------------
-- Server version	8.0.22

/*!40101 SET @OLD_CHARACTER_SET_CLIENT=@@CHARACTER_SET_CLIENT */;
/*!40101 SET @OLD_CHARACTER_SET_RESULTS=@@CHARACTER_SET_RESULTS */;
/*!40101 SET @OLD_COLLATION_CONNECTION=@@COLLATION_CONNECTION */;
/*!50503 SET NAMES utf8 */;
/*!40103 SET @OLD_TIME_ZONE=@@TIME_ZONE */;
/*!40103 SET TIME_ZONE='+00:00' */;
/*!40014 SET @OLD_UNIQUE_CHECKS=@@UNIQUE_CHECKS, UNIQUE_CHECKS=0 */;
/*!40014 SET @OLD_FOREIGN_KEY_CHECKS=@@FOREIGN_KEY_CHECKS, FOREIGN_KEY_CHECKS=0 */;
/*!40101 SET @OLD_SQL_MODE=@@SQL_MODE, SQL_MODE='NO_AUTO_VALUE_ON_ZERO' */;
/*!40111 SET @OLD_SQL_NOTES=@@SQL_NOTES, SQL_NOTES=0 */;

--
-- Table structure for table `defectlog`
--

DROP TABLE IF EXISTS `defectlog`;
/*!40101 SET @saved_cs_client     = @@character_set_client */;
/*!50503 SET character_set_client = utf8mb4 */;
CREATE TABLE `defectlog` (
  `DEFECTLOG_ID` int NOT NULL AUTO_INCREMENT,
  `DEFECT_BIKE_ID` int NOT NULL,
  `DEFECT_USER_ID` int NOT NULL,
  `DEFECT_BIKEPART_ID` int NOT NULL,
  `DEFECT_STATUS` int NOT NULL,
  `DEFECT_TIMESTAMP` datetime NOT NULL,
  `DEFECT_REPAIR_TIMESTAMP` datetime DEFAULT NULL,
  `DEFECT_COMMENTS` varchar(250) DEFAULT NULL,
  PRIMARY KEY (`DEFECTLOG_ID`),
  KEY `DEFECT_BIKE_ID_idx` (`DEFECT_BIKE_ID`),
  KEY `DEFECT_USER_ID_idx` (`DEFECT_USER_ID`),
  KEY `DEFECT_BIKEPART_ID_idx` (`DEFECT_BIKEPART_ID`),
  CONSTRAINT `DEFECT_BIKE_ID` FOREIGN KEY (`DEFECT_BIKE_ID`) REFERENCES `bike` (`BIKE_ID`),
  CONSTRAINT `DEFECT_BIKEPART_ID` FOREIGN KEY (`DEFECT_BIKEPART_ID`) REFERENCES `bikepart` (`BIKEPART_ID`),
  CONSTRAINT `DEFECT_USER_ID` FOREIGN KEY (`DEFECT_USER_ID`) REFERENCES `user` (`USER_ID`)
) ENGINE=InnoDB AUTO_INCREMENT=14 DEFAULT CHARSET=utf8;
/*!40101 SET character_set_client = @saved_cs_client */;

--
-- Dumping data for table `defectlog`
--

LOCK TABLES `defectlog` WRITE;
/*!40000 ALTER TABLE `defectlog` DISABLE KEYS */;
INSERT INTO `defectlog` VALUES (1,1,3,4,0,'2021-11-01 13:00:11','2021-11-01 13:06:56','  broken seat                                \r\n                                '),(2,1,4,2,0,'2021-12-01 13:00:11','2021-12-01 13:10:11','headlight broken'),(3,1,2,3,0,'2021-11-01 13:00:11','2021-11-01 13:10:11','tires punctured'),(4,2,3,5,0,'2021-10-01 13:00:11','2021-10-01 13:10:11','handles broken'),(5,3,2,1,0,'2021-09-01 13:00:11','2021-09-01 13:10:11','brakes not working'),(6,4,2,4,0,'2021-12-01 13:00:11','2021-12-01 13:10:11','seats torn'),(7,4,5,2,0,'2021-11-01 13:00:11','2021-11-01 13:20:11','headlights broken'),(8,5,4,4,0,'2021-10-01 13:00:11','2021-10-01 13:40:11','broken seats'),(9,4,3,1,0,'2021-11-01 13:00:11','2021-11-01 13:20:11','brakes not working'),(10,1,3,2,0,'2021-11-01 17:10:59','2021-11-02 14:20:18','broken light           \r\n                                '),(11,1,4,1,0,'2021-11-02 19:05:12','2021-11-02 19:12:12','                                  \r\n                                '),(12,7,4,1,0,'2021-11-02 19:06:44','2021-11-02 19:12:14','                                  \r\n                                '),(13,16,3,4,0,'2021-11-02 19:11:27','2021-11-02 19:12:16','bad seat                         \r\n                                ');
/*!40000 ALTER TABLE `defectlog` ENABLE KEYS */;
UNLOCK TABLES;
/*!40103 SET TIME_ZONE=@OLD_TIME_ZONE */;

/*!40101 SET SQL_MODE=@OLD_SQL_MODE */;
/*!40014 SET FOREIGN_KEY_CHECKS=@OLD_FOREIGN_KEY_CHECKS */;
/*!40014 SET UNIQUE_CHECKS=@OLD_UNIQUE_CHECKS */;
/*!40101 SET CHARACTER_SET_CLIENT=@OLD_CHARACTER_SET_CLIENT */;
/*!40101 SET CHARACTER_SET_RESULTS=@OLD_CHARACTER_SET_RESULTS */;
/*!40101 SET COLLATION_CONNECTION=@OLD_COLLATION_CONNECTION */;
/*!40111 SET SQL_NOTES=@OLD_SQL_NOTES */;

-- Dump completed on 2021-11-03 10:37:58

-- MySQL dump 10.13  Distrib 8.0.22, for Win64 (x86_64)
--
-- Host: localhost    Database: trycycle_qa
-- ------------------------------------------------------
-- Server version	8.0.22

/*!40101 SET @OLD_CHARACTER_SET_CLIENT=@@CHARACTER_SET_CLIENT */;
/*!40101 SET @OLD_CHARACTER_SET_RESULTS=@@CHARACTER_SET_RESULTS */;
/*!40101 SET @OLD_COLLATION_CONNECTION=@@COLLATION_CONNECTION */;
/*!50503 SET NAMES utf8 */;
/*!40103 SET @OLD_TIME_ZONE=@@TIME_ZONE */;
/*!40103 SET TIME_ZONE='+00:00' */;
/*!40014 SET @OLD_UNIQUE_CHECKS=@@UNIQUE_CHECKS, UNIQUE_CHECKS=0 */;
/*!40014 SET @OLD_FOREIGN_KEY_CHECKS=@@FOREIGN_KEY_CHECKS, FOREIGN_KEY_CHECKS=0 */;
/*!40101 SET @OLD_SQL_MODE=@@SQL_MODE, SQL_MODE='NO_AUTO_VALUE_ON_ZERO' */;
/*!40111 SET @OLD_SQL_NOTES=@@SQL_NOTES, SQL_NOTES=0 */;

--
-- Table structure for table `feedback`
--

DROP TABLE IF EXISTS `feedback`;
/*!40101 SET @saved_cs_client     = @@character_set_client */;
/*!50503 SET character_set_client = utf8mb4 */;
CREATE TABLE `feedback` (
  `FEEDBACK_ID` int NOT NULL AUTO_INCREMENT,
  `FB_USER_ID` int NOT NULL,
  `FB_USER_RATING` int DEFAULT NULL,
  `FB_USER_COMMENTS` varchar(250) DEFAULT NULL,
  PRIMARY KEY (`FEEDBACK_ID`),
  KEY `FB_USER_ID_idx` (`FB_USER_ID`),
  CONSTRAINT `FB_USER_ID` FOREIGN KEY (`FB_USER_ID`) REFERENCES `user` (`USER_ID`)
) ENGINE=InnoDB DEFAULT CHARSET=utf8;
/*!40101 SET character_set_client = @saved_cs_client */;

--
-- Dumping data for table `feedback`
--

LOCK TABLES `feedback` WRITE;
/*!40000 ALTER TABLE `feedback` DISABLE KEYS */;
/*!40000 ALTER TABLE `feedback` ENABLE KEYS */;
UNLOCK TABLES;
/*!40103 SET TIME_ZONE=@OLD_TIME_ZONE */;

/*!40101 SET SQL_MODE=@OLD_SQL_MODE */;
/*!40014 SET FOREIGN_KEY_CHECKS=@OLD_FOREIGN_KEY_CHECKS */;
/*!40014 SET UNIQUE_CHECKS=@OLD_UNIQUE_CHECKS */;
/*!40101 SET CHARACTER_SET_CLIENT=@OLD_CHARACTER_SET_CLIENT */;
/*!40101 SET CHARACTER_SET_RESULTS=@OLD_CHARACTER_SET_RESULTS */;
/*!40101 SET COLLATION_CONNECTION=@OLD_COLLATION_CONNECTION */;
/*!40111 SET SQL_NOTES=@OLD_SQL_NOTES */;

-- Dump completed on 2021-11-03 10:37:57

-- MySQL dump 10.13  Distrib 8.0.22, for Win64 (x86_64)
--
-- Host: localhost    Database: trycycle_qa
-- ------------------------------------------------------
-- Server version	8.0.22

/*!40101 SET @OLD_CHARACTER_SET_CLIENT=@@CHARACTER_SET_CLIENT */;
/*!40101 SET @OLD_CHARACTER_SET_RESULTS=@@CHARACTER_SET_RESULTS */;
/*!40101 SET @OLD_COLLATION_CONNECTION=@@COLLATION_CONNECTION */;
/*!50503 SET NAMES utf8 */;
/*!40103 SET @OLD_TIME_ZONE=@@TIME_ZONE */;
/*!40103 SET TIME_ZONE='+00:00' */;
/*!40014 SET @OLD_UNIQUE_CHECKS=@@UNIQUE_CHECKS, UNIQUE_CHECKS=0 */;
/*!40014 SET @OLD_FOREIGN_KEY_CHECKS=@@FOREIGN_KEY_CHECKS, FOREIGN_KEY_CHECKS=0 */;
/*!40101 SET @OLD_SQL_MODE=@@SQL_MODE, SQL_MODE='NO_AUTO_VALUE_ON_ZERO' */;
/*!40111 SET @OLD_SQL_NOTES=@@SQL_NOTES, SQL_NOTES=0 */;

--
-- Table structure for table `location`
--

DROP TABLE IF EXISTS `location`;
/*!40101 SET @saved_cs_client     = @@character_set_client */;
/*!50503 SET character_set_client = utf8mb4 */;
CREATE TABLE `location` (
  `LOCATION_ID` int NOT NULL AUTO_INCREMENT,
  `LOCATION_POSTCODE` varchar(10) NOT NULL,
  `CITY` varchar(45) NOT NULL,
  PRIMARY KEY (`LOCATION_ID`),
  UNIQUE KEY `LOCATION_POSTCODE_UNIQUE` (`LOCATION_POSTCODE`)
) ENGINE=InnoDB AUTO_INCREMENT=4 DEFAULT CHARSET=utf8;
/*!40101 SET character_set_client = @saved_cs_client */;

--
-- Dumping data for table `location`
--

LOCK TABLES `location` WRITE;
/*!40000 ALTER TABLE `location` DISABLE KEYS */;
INSERT INTO `location` VALUES (1,'G11 6BZ','gla'),(2,'G11 6QL','gla'),(3,'G12 5CC','gla');
/*!40000 ALTER TABLE `location` ENABLE KEYS */;
UNLOCK TABLES;
/*!40103 SET TIME_ZONE=@OLD_TIME_ZONE */;

/*!40101 SET SQL_MODE=@OLD_SQL_MODE */;
/*!40014 SET FOREIGN_KEY_CHECKS=@OLD_FOREIGN_KEY_CHECKS */;
/*!40014 SET UNIQUE_CHECKS=@OLD_UNIQUE_CHECKS */;
/*!40101 SET CHARACTER_SET_CLIENT=@OLD_CHARACTER_SET_CLIENT */;
/*!40101 SET CHARACTER_SET_RESULTS=@OLD_CHARACTER_SET_RESULTS */;
/*!40101 SET COLLATION_CONNECTION=@OLD_COLLATION_CONNECTION */;
/*!40111 SET SQL_NOTES=@OLD_SQL_NOTES */;

-- Dump completed on 2021-11-03 10:37:59
